code,timestamps,open,close,high,low,ycp,vol,amount,MA5,MA10,MA20,MA30,MA60,MSI,DIF,DEA,MACD_Hist,name,industry,block,MA4,MA8,MA12,MA16,MA47
301589,2024-05-16,399.0,414.89,416.5,396.8,398.1,6179.6,252171000.0,,,414.89,,,,0.0,0.0,0.0,诺瓦星云,计算机、通信和其他电子设备制造业,创业板,414.89,414.89,414.89,414.89,414.89
301589,2024-05-17,412.02,428.14,432.99,411.25,414.89,6337.43,269517000.0,,,421.515,,,,1.06,0.21,0.85,诺瓦星云,计算机、通信和其他电子设备制造业,创业板,421.515,421.515,421.515,421.515,421.515
301589,2024-05-20,428.09,450.2,450.44,427.0,428.14,6638.91,293023000.0,,,431.07666666666665,,,,3.64,0.9,2.74,诺瓦星云,计算机、通信和其他电子设备制造业,创业板,431.07666666666665,431.07666666666665,431.07666666666665,431.07666666666665,431.07666666666665
301589,2024-05-21,449.0,449.95,457.93,445.6,450.2,6221.92,280806000.0,,,435.795,,,,5.59,1.84,3.75,诺瓦星云,计算机、通信和其他电子设备制造业,创业板,435.795,435.795,435.795,435.795,435.795
301589,2024-05-22,447.0,449.21,453.47,441.02,449.95,4471.08,200256000.0,438.48,,438.47799999999995,,,,7.0,2.87,4.13,诺瓦星云,计算机、通信和其他电子设备制造业,创业板,444.375,438.47799999999995,438.47799999999995,438.47799999999995,438.47799999999995
301589,2024-05-23,447.99,465.39,469.94,446.66,449.21,6549.62,301095000.0,448.58,,442.9633333333333,,,,9.31,4.16,5.15,诺瓦星云,计算机、通信和其他电子设备制造业,创业板,453.6875,442.9633333333333,442.9633333333333,442.9633333333333,442.9633333333333
301589,2024-05-24,466.66,431.46,469.0,430.6,465.39,8068.42,357156000.0,449.24,,441.32,,,,8.32,4.99,3.33,诺瓦星云,计算机、通信和其他电子设备制造业,创业板,449.0025,441.32,441.32,441.32,441.32
301589,2024-05-27,430.0,434.8,434.95,422.22,431.46,3875.52,166228000.0,446.16,,440.505,,,,7.71,5.53,2.18,诺瓦星云,计算机、通信和其他电子设备制造业,创业板,445.215,440.505,440.505,440.505,440.505
301589,2024-05-28,431.99,441.08,444.4,426.2,434.8,4193.99,183843000.0,444.39,,440.56888888888886,,,,7.65,5.96,1.69,诺瓦星云,计算机、通信和其他电子设备制造业,创业板,443.1825,443.77875,440.56888888888886,440.56888888888886,440.56888888888886
301589,2024-05-29,438.0,440.96,445.0,432.0,441.08,5150.85,226303000.0,442.74,440.61,440.608,,,,7.49,6.26,1.23,诺瓦星云,计算机、通信和其他电子设备制造业,创业板,437.07500000000005,445.38125,440.608,440.608,440.608
301589,2024-05-30,237.0,233.0,237.99,227.99,440.96,6446.65,150052000.0,396.26,422.42,421.73454545454547,,,,-9.3,3.15,-12.45,诺瓦星云,计算机、通信和其他电子设备制造业,创业板,387.46000000000004,418.23125000000005,421.73454545454547,421.73454545454547,421.73454545454547
301589,2024-05-31,232.0,232.2,236.0,228.01,233.0,6657.4,154633000.0,356.41,402.82,405.94,,,,-22.41,-1.96,-20.45,诺瓦星云,计算机、通信和其他电子设备制造业,创业板,336.81000000000006,391.01250000000005,405.94,405.94,405.94
301589,2024-06-03,228.2,232.26,242.0,227.01,232.2,9694.46,228704000.0,315.9,381.03,392.58,,,,-32.42,-8.05,-24.37,诺瓦星云,计算机、通信和其他电子设备制造业,创业板,284.6050000000001,363.89375000000007,390.7208333333333,392.58,392.58
301589,2024-06-04,232.8,227.4,233.0,218.2,232.26,11432.1,257336000.0,273.16,358.78,380.78142857142853,,,13.73,-40.29,-14.5,-25.79,诺瓦星云,计算机、通信和其他电子设备制造业,创业板,231.2150000000001,334.1450000000001,373.9924999999999,380.78142857142853,380.78142857142853
301589,2024-06-05,225.0,219.68,226.96,219.5,227.4,5733.81,128309000.0,228.91,335.82,370.04133333333334,,,13.23,-46.6,-20.92,-25.68,诺瓦星云,计算机、通信和其他电子设备制造业,创业板,227.8850000000001,307.67250000000007,354.78249999999997,370.04133333333334,370.04133333333334
301589,2024-06-06,219.78,216.5,226.58,215.0,219.68,7366.43,161875000.0,225.61,310.93,360.445,,,13.03,-51.27,-26.99,-24.28,诺瓦星云,计算机、通信和其他电子设备制造业,创业板,223.9600000000001,280.38500000000005,335.3283333333333,360.445,360.445
301589,2024-06-07,216.66,214.7,218.0,211.08,216.5,6181.4,132315000.0,222.11,289.26,351.87176470588236,,,12.9,-54.5,-32.49,-22.01,诺瓦星云,计算机、通信和其他电子设备制造业,创业板,219.5700000000001,252.08750000000003,315.7858333333333,347.93312499999996,351.87176470588236
301589,2024-06-11,213.0,222.18,222.23,211.4,214.7,5912.51,128682000.0,220.09,268.0,344.6666666666667,,,16.44,-55.8,-37.15,-18.65,诺瓦星云,计算机、通信和其他电子设备制造业,创业板,218.26500000000013,224.74,295.51833333333326,335.06062499999996,344.6666666666667
301589,2024-06-12,220.0,221.53,223.64,219.2,222.18,6411.46,142092000.0,218.92,246.04,338.1857894736842,,,16.38,-56.24,-40.97,-15.27,诺瓦星云,计算机、通信和其他电子设备制造业,创业板,218.72750000000013,223.30625,278.02416666666664,320.76874999999995,338.1857894736842
301589,2024-06-13,221.38,220.0,223.29,218.33,221.53,4947.41,109117000.0,218.98,223.94,332.2765,,,16.22,-56.06,-43.99,-12.07,诺瓦星云,计算机、通信和其他电子设备制造业,创业板,219.60250000000013,221.78125,260.1241666666666,306.39687499999997,332.2765
301589,2024-06-14,218.55,218.28,219.53,214.08,220.0,6192.52,133983000.0,219.34,222.47,322.44599999999997,,,16.04,-55.43,-46.28,-9.15,诺瓦星云,计算机、通信和其他电子设备制造业,创业板,220.49750000000012,220.03375,241.55749999999998,291.96374999999995,326.8480952380952
301589,2024-06-17,217.0,215.91,219.45,214.6,218.28,4758.8,102941000.0,219.58,220.84,311.83449999999993,,,15.77,-54.48,-47.92,-6.56,诺瓦星云,计算机、通信和其他电子设备制造业,创业板,218.93000000000012,218.5975,222.80333333333328,276.3712499999999,321.8054545454545
301589,2024-06-18,215.51,221.69,222.6,215.5,215.91,5940.58,129532000.0,219.48,219.79,300.40899999999993,,,19.29,-52.66,-48.87,-3.79,诺瓦星云,计算机、通信和其他电子设备制造业,创业板,218.97000000000014,218.84875,221.8608333333333,263.2606249999999,317.45260869565215
301589,2024-06-19,220.99,218.48,221.68,215.31,221.69,4963.45,107964000.0,218.87,218.9,288.8354999999999,,,18.82,-50.89,-49.27,-1.62,诺瓦星云,计算机、通信和其他电子设备制造业,创业板,218.59000000000015,219.09625,220.71749999999997,249.74062499999985,313.32874999999996
301589,2024-06-20,216.37,209.77,218.27,209.77,218.48,6011.95,128675000.0,216.83,217.9,276.86349999999993,,,17.57,-49.61,-49.34,-0.27,诺瓦星云,计算机、通信和其他电子设备制造业,创业板,216.46250000000015,218.48,218.84333333333333,235.28374999999988,309.18639999999994
301589,2024-06-21,206.92,201.91,209.0,194.0,209.77,12077.6,240995000.0,213.55,216.44,263.6894999999999,,,16.5,-48.68,-49.21,0.53,诺瓦星云,计算机、通信和其他电子设备制造业,创业板,212.96250000000018,215.94625,216.71916666666664,220.34312499999987,305.0603846153846
301589,2024-06-24,199.0,195.4,199.99,193.0,201.91,6521.2,128268000.0,209.45,214.52,251.8864999999999,,,15.65,-47.91,-48.95,1.04,诺瓦星云,计算机、通信和其他电子设备制造业,创业板,206.39000000000016,212.68,214.69583333333333,217.99312499999988,300.9988888888888
301589,2024-06-25,195.35,191.2,197.35,189.51,195.4,5543.4,106699000.0,203.35,211.42,239.70649999999986,,,15.12,-47.1,-48.58,1.48,诺瓦星云,计算机、通信和其他电子设备制造业,创业板,199.57000000000016,209.08,212.58749999999998,215.43062499999988,297.07749999999993
301589,2024-06-26,189.72,193.6,195.65,189.17,191.2,5118.54,98891400.0,198.38,208.62,227.3324999999999,,,16.88,-45.73,-48.01,2.28,诺瓦星云,计算机、通信和其他电子设备制造业,创业板,195.52750000000017,205.995,210.82916666666665,213.01437499999986,293.50931034482755
301589,2024-06-27,192.21,185.73,194.37,185.65,193.6,5179.11,97898000.0,193.57,205.2,214.57099999999986,289.92,,15.72,-44.77,-47.36,2.59,诺瓦星云,计算机、通信和其他电子设备制造业,创业板,191.4825000000002,202.2225,207.79166666666666,210.40999999999985,289.91666666666663
301589,2024-06-28,185.74,194.5,201.0,185.74,185.73,11030.4,216157000.0,192.09,202.82,212.64599999999987,282.57,,22.11,-42.81,-46.45,3.64,诺瓦星云,计算机、通信和其他电子设备制造业,创业板,191.2575000000002,198.82375,205.53916666666666,208.83624999999986,286.8387096774193
301589,2024-07-01,192.97,188.0,193.59,187.95,194.5,6587.0,124775000.0,190.61,200.03,210.43599999999986,274.57,,20.85,-41.3,-45.42,4.12,诺瓦星云,计算机、通信和其他电子设备制造业,创业板,190.4575000000002,195.01375,202.87249999999997,207.05499999999986,283.74999999999994
301589,2024-07-02,188.58,179.17,190.88,178.62,188.0,9603.01,175036000.0,188.2,195.78,207.78149999999988,265.53,,19.24,-40.36,-44.41,4.05,诺瓦星云,计算机、通信和其他电子设备制造业,创业板,186.8500000000002,191.18875,199.61333333333332,204.83437499999988,280.580909090909
301589,2024-07-03,177.0,183.11,186.38,175.19,179.17,8581.41,155507000.0,186.1,192.24,205.56699999999987,256.64,,22.13,-38.83,-43.29,4.46,诺瓦星云,计算机、通信和其他电子设备制造业,创业板,186.1950000000002,188.83874999999998,196.88,202.3924999999999,277.7141176470588
301589,2024-07-04,182.99,180.49,184.34,180.3,183.11,3687.24,67050500.0,185.05,189.31,203.60749999999987,247.68,,21.57,-37.41,-42.12,4.71,诺瓦星云,计算机、通信和其他电子设备制造业,创业板,182.6925000000002,186.97499999999997,193.4466666666667,199.8274999999999,274.9362857142857
301589,2024-07-05,179.63,177.08,180.4,173.25,180.49,5902.5,103549000.0,181.57,186.83,201.6364999999999,238.07,,20.85,-36.15,-40.92,4.77,诺瓦星云,计算机、通信和其他电子设备制造业,创业板,179.9625000000002,185.20999999999995,189.99666666666667,197.1449999999999,272.2180555555555
301589,2024-07-08,176.08,192.3,198.0,174.07,177.08,15019.9,284921000.0,182.43,186.52,200.5164999999999,230.1,,31.89,-33.53,-39.44,5.91,诺瓦星云,计算机、通信和其他电子设备制造业,创业板,183.2450000000002,185.04749999999996,188.54083333333335,195.5212499999999,270.05810810810806
301589,2024-07-09,189.5,195.27,197.58,188.91,192.3,7730.41,149390000.0,185.65,186.92,199.17099999999994,222.11,,33.83,-30.86,-37.73,6.87,诺瓦星云,计算机、通信和其他电子设备制造业,创业板,186.2850000000002,186.23999999999995,187.98750000000004,194.2312499999999,268.09
301589,2024-07-10,193.1,192.0,201.99,191.11,195.27,6771.18,132078000.0,187.43,186.76,197.6944999999999,213.81,,32.73,-28.67,-35.92,7.25,诺瓦星云,计算机、通信和其他电子设备制造业,创业板,189.1625000000002,185.92749999999995,187.70416666666668,192.3756249999999,266.13897435897434
301589,2024-07-11,194.5,191.29,195.0,186.18,192.0,7658.17,145439000.0,189.59,187.32,196.25899999999993,205.49,,32.48,-26.69,-34.07,7.38,诺瓦星云,计算机、通信和其他电子设备制造业,创业板,192.71500000000017,186.33874999999995,187.7116666666667,190.6762499999999,264.26775
301589,2024-07-12,189.0,186.4,190.89,184.86,191.29,5690.38,106547000.0,191.45,186.51,194.6649999999999,203.93,,30.75,-25.22,-32.3,7.08,诺瓦星云,计算机、通信和其他电子设备制造业,创业板,191.24000000000018,187.24249999999995,187.1116666666667,189.2156249999999,262.3685365853658
301589,2024-07-15,185.43,184.16,186.99,183.02,186.4,4434.77,81752700.0,189.82,186.13,193.0774999999999,202.33,,29.96,-23.96,-30.63,6.67,诺瓦星云,计算机、通信和其他电子设备制造业,创业板,188.46250000000018,187.37374999999997,186.98083333333338,188.1062499999999,260.50642857142856
301589,2024-07-16,183.16,185.32,186.5,181.8,184.16,3985.42,73568900.0,187.83,186.74,191.2589999999999,200.77,,30.95,-22.62,-29.03,6.41,诺瓦星云,计算机、通信和其他电子设备制造业,创业板,186.7925000000002,187.97749999999996,186.2158333333334,187.4762499999999,258.75790697674415
301589,2024-07-17,183.88,179.41,185.0,179.23,185.32,4627.78,83705200.0,185.32,186.37,189.30549999999988,199.17,,28.73,-21.77,-27.58,5.81,诺瓦星云,计算机、通信和其他电子设备制造业,创业板,183.8225000000002,188.26874999999998,185.50000000000003,186.7393749999999,256.95454545454544
301589,2024-07-18,178.06,179.72,180.64,174.23,179.41,4739.59,83961300.0,183.0,186.3,187.80299999999988,197.84,,29.02,-20.84,-26.23,5.39,诺瓦星云,计算机、通信和其他电子设备制造业,创业板,182.1525000000002,186.69625,185.54583333333335,185.8718749999999,255.23822222222216
301589,2024-07-19,177.02,179.7,180.4,176.37,179.72,4815.67,85991300.0,181.66,186.56,186.69249999999988,196.61,,29.01,-19.87,-24.96,5.09,诺瓦星云,计算机、通信和其他电子设备制造业,创业板,181.03750000000022,184.75,185.26166666666666,185.4949999999999,253.5960869565217
301589,2024-07-22,179.69,177.59,180.8,176.88,179.7,5023.0,89532600.0,180.35,185.09,185.80199999999988,195.37,,28.11,-19.05,-23.78,4.73,诺瓦星云,计算机、通信和其他电子设备制造业,创业板,179.10500000000025,182.94875,185.01999999999998,184.4381249999999,251.97893617021273
301589,2024-07-23,177.6,170.05,177.79,166.16,177.59,8979.42,153330000.0,177.29,182.56,184.7444999999999,193.64,,25.13,-18.79,-22.78,3.99,诺瓦星云,计算机、通信和其他电子设备制造业,创业板,176.76500000000024,180.29375,184.43416666666667,183.3162499999999,246.76957446808507
301589,2024-07-24,168.1,161.23,169.77,161.01,170.05,7249.01,118976000.0,173.66,179.49,183.12599999999992,191.63,,22.17,-19.08,-22.04,2.96,诺瓦星云,计算机、通信和其他电子设备制造业,创业板,172.14250000000024,177.14749999999998,181.845,182.1949999999999,241.09063829787232
301589,2024-07-25,159.2,161.25,164.36,158.0,161.23,4849.74,78321200.0,169.96,176.48,181.9019999999999,189.67,,22.19,-19.09,-21.45,2.36,诺瓦星云,计算机、通信和其他电子设备制造业,创业板,167.53000000000026,174.28374999999997,179.01,180.8287499999999,234.94276595744677
301589,2024-07-26,161.11,161.89,164.18,160.6,161.25,3811.66,61932600.0,166.4,174.03,180.2714999999999,187.79,,22.95,-18.83,-20.93,2.1,诺瓦星云,计算机、通信和其他电子设备制造业,创业板,163.60500000000025,171.355,176.5008333333333,179.66624999999988,228.81382978723397
301589,2024-07-29,159.59,162.76,166.33,159.59,161.89,3975.98,65182300.0,163.44,171.89,179.0094999999999,186.02,,24.05,-18.34,-20.41,2.07,诺瓦星云,计算机、通信和其他电子设备制造业,创业板,161.78250000000025,169.27374999999998,174.1233333333333,178.7712499999999,222.71914893617017
301589,2024-07-30,162.49,163.36,165.37,161.16,162.76,3596.74,58624200.0,162.1,169.7,178.21899999999988,184.07,,24.84,-17.7,-19.87,2.17,诺瓦星云,计算机、通信和其他电子设备制造业,创业板,162.31500000000025,167.22874999999996,172.2033333333333,176.9624999999999,216.29297872340422
301589,2024-07-31,163.5,167.38,168.24,161.16,163.36,6393.21,105867000.0,163.33,168.49,177.4324999999999,182.37,,30.09,-16.68,-19.23,2.55,诺瓦星云,计算机、通信和其他电子设备制造业,创业板,163.84750000000025,165.68874999999994,170.80499999999998,175.2193749999999,210.6742553191489
301589,2024-08-01,167.4,165.51,169.48,164.6,167.38,4694.69,78002200.0,164.18,167.07,176.68349999999992,180.89,,29.07,-15.83,-18.55,2.72,诺瓦星云,计算机、通信和其他电子设备制造业,创业板,164.75250000000025,164.17874999999995,169.15416666666667,173.5637499999999,204.94468085106382
301589,2024-08-02,163.97,161.22,164.68,160.8,165.51,5327.01,86579000.0,164.05,165.22,175.89049999999992,179.54,,26.83,-15.33,-17.91,2.58,诺瓦星云,计算机、通信和其他电子设备制造业,创业板,164.36750000000026,163.07499999999996,167.63833333333335,171.6843749999999,198.99021276595744
301589,2024-08-05,159.0,157.96,163.94,157.81,161.22,5618.38,90031600.0,163.09,163.26,174.1734999999999,178.29,,25.24,-15.02,-17.33,2.31,诺瓦星云,计算机、通信和其他电子设备制造业,创业板,163.01750000000027,162.66624999999996,165.825,169.9068749999999,192.96893617021274
301589,2024-08-06,159.6,163.48,163.48,157.93,157.96,5902.61,95473200.0,163.11,162.6,172.5839999999999,177.36,,32.54,-14.18,-16.7,2.52,诺瓦星云,计算机、通信和其他电子设备制造业,创业板,162.04250000000027,162.94499999999996,164.4733333333333,168.6143749999999,191.48978723404252
301589,2024-08-07,163.47,160.03,163.8,159.1,163.48,4528.81,73065700.0,161.64,162.48,170.98549999999992,176.25,,30.54,-13.62,-16.08,2.46,诺瓦星云,计算机、通信和其他电子设备制造业,创业板,160.67250000000027,162.71249999999998,163.00999999999996,167.0337499999999,189.9542553191489
301589,2024-08-08,153.0,153.49,154.03,145.17,160.03,29655.2,444189000.0,159.24,161.71,169.0954999999999,175.17,232.54,27.12,-13.56,-15.58,2.02,诺瓦星云,计算机、通信和其他电子设备制造业,创业板,158.74000000000026,161.55374999999998,161.62999999999997,165.41374999999994,188.27829787234037
301589,2024-08-09,154.16,159.74,161.96,152.42,153.49,20576.6,323468000.0,158.94,161.49,167.76249999999987,174.01,228.29,34.64,-12.85,-15.03,2.18,诺瓦星云,计算机、通信和其他电子设备制造业,创业板,159.18500000000026,161.10125,161.5058333333333,164.16499999999994,186.8387234042553
301589,2024-08-12,158.02,161.8,166.58,158.02,159.74,13698.6,222048000.0,159.71,161.4,166.6444999999999,173.14,223.85,36.96,-11.99,-14.42,2.43,诺瓦星云,计算机、通信和其他电子设备制造业,创业板,158.76500000000027,160.40375,161.55166666666665,163.04624999999996,185.60723404255313
301589,2024-08-13,161.01,164.27,165.0,161.0,161.8,10063.5,163571000.0,159.87,161.49,165.5919999999999,172.64,219.09,39.71,-10.98,-13.74,2.76,诺瓦星云,计算机、通信和其他电子设备制造业,创业板,159.82500000000027,160.24875,161.75,162.21374999999995,184.49595744680846
301589,2024-08-14,163.87,162.7,163.87,160.8,164.27,8037.09,130142000.0,160.4,161.02,164.7564999999999,171.96,214.3,38.56,-10.19,-13.03,2.84,诺瓦星云,计算机、通信和其他电子设备制造业,创业板,162.12750000000028,160.43375,161.74499999999998,161.75437499999992,183.38957446808504
301589,2024-08-15,162.0,153.23,162.05,150.02,162.7,19644.0,304616000.0,160.35,159.79,163.4319999999999,171.05,209.37,32.44,-10.2,-12.46,2.26,诺瓦星云,计算机、通信和其他电子设备制造业,创业板,160.50000000000028,159.8425,160.90083333333328,161.25437499999992,181.9225531914893
301589,2024-08-16,153.5,152.62,157.0,152.1,153.23,10536.1,162580000.0,158.92,158.93,162.07799999999992,170.24,204.15,32.09,-10.15,-12.0,1.85,诺瓦星云,计算机、通信和其他电子设备制造业,创业板,158.20500000000027,158.485,159.67083333333326,160.71499999999992,180.45638297872335
301589,2024-08-19,152.81,148.17,153.61,147.9,152.62,10344.4,154593000.0,156.2,157.95,160.6069999999999,168.77,199.43,29.56,-10.35,-11.67,1.32,诺瓦星云,计算机、通信和其他电子设备制造业,创业板,154.18000000000026,157.00250000000003,158.22583333333327,159.85749999999993,178.92808510638292
301589,2024-08-20,147.93,149.93,153.17,147.93,148.17,9226.88,138771000.0,153.33,156.6,159.60099999999989,167.26,194.68,31.85,-10.25,-11.39,1.14,诺瓦星云,计算机、通信和其他电子设备制造业,创业板,150.98750000000024,156.55750000000003,157.28499999999994,159.0556249999999,177.47382978723397
301589,2024-08-22,149.0,152.7,154.59,146.89,148.9,10679.9,161761000.0,151.33,155.86,159.17449999999988,165.95,189.88,35.4,-9.83,-11.07,1.24,诺瓦星云,计算机、通信和其他电子设备制造业,创业板,150.85500000000025,155.67750000000004,156.8466666666666,158.3893749999999,176.1289361702127
301589,2024-08-23,152.11,154.43,158.88,151.9,152.7,13793.8,214071000.0,151.57,155.96,158.83349999999987,164.72,185.1,37.59,-9.25,-10.71,1.46,诺瓦星云,计算机、通信和其他电子设备制造业,创业板,151.30750000000026,154.75625000000005,156.09249999999994,157.57999999999987,174.69787234042548
301589,2024-08-26,158.17,159.0,161.37,151.8,154.43,14836.9,232852000.0,152.85,155.88,158.68899999999988,163.8,183.87,43.08,-8.33,-10.23,1.9,诺瓦星云,计算机、通信和其他电子设备制造业,创业板,154.01500000000027,154.09750000000005,156.00666666666663,157.17312499999986,173.43234042553186
301589,2024-08-27,158.0,160.39,161.7,156.05,159.0,12931.0,205661000.0,155.29,155.74,158.57049999999987,163.01,182.67,44.67,-7.4,-9.67,2.27,诺瓦星云,计算机、通信和其他电子设备制造业,创业板,156.63000000000028,153.80875000000006,156.58166666666662,157.12124999999986,172.3817021276595
301589,2024-08-28,159.99,168.1,169.64,159.0,160.39,17198.9,284245000.0,158.92,156.13,158.80749999999983,162.44,181.6,52.6,-5.97,-8.93,2.96,诺瓦星云,计算机、通信和其他电子设备制造业,创业板,160.4800000000003,155.66750000000005,157.27833333333328,157.75499999999985,171.66234042553185
301589,2024-08-29,166.68,168.1,169.88,164.51,168.1,9998.67,167497000.0,162.0,156.67,158.84349999999984,162.06,180.61,52.6,-4.79,-8.1,3.31,诺瓦星云,计算机、通信和其他电子设备制造业,创业板,163.89750000000032,157.60250000000002,157.80333333333326,158.04374999999985,171.0814893617021
301589,2024-08-30,167.58,170.01,174.0,166.2,168.1,12016.7,204632000.0,165.12,158.34,159.0684999999998,161.74,179.79,54.47,-3.65,-7.21,3.56,诺瓦星云,计算机、通信和其他电子设备制造业,创业板,166.65000000000032,160.3325,158.2816666666666,158.66749999999982,170.6306382978723
301589,2024-09-02,170.0,165.2,170.5,163.58,170.01,9029.71,150024000.0,166.36,159.6,159.2674999999998,161.25,178.93,49.2,-3.11,-6.39,3.28,诺瓦星云,计算机、通信和其他电子设备制造业,创业板,167.85250000000033,162.24125,158.48999999999992,159.3993749999998,170.02638297872335
301589,2024-09-03,164.55,165.59,168.2,163.65,165.2,6040.97,100269000.0,167.4,161.34,159.64899999999983,160.85,178.11,49.62,-2.6,-5.63,3.03,诺瓦星云,计算机、通信和其他电子设备制造业,创业板,167.22500000000034,163.8525,159.5199999999999,159.76499999999982,169.5978723404255
301589,2024-09-04,163.78,168.66,170.26,162.8,165.59,8221.03,137089000.0,167.51,163.22,159.90799999999982,160.81,177.22,52.97,-1.95,-4.9,2.95,诺瓦星云,计算机、通信和其他电子设备制造业,创业板,167.36500000000032,165.63125,160.85666666666657,160.1937499999998,169.04808510638296
301589,2024-09-05,168.11,166.71,170.34,166.06,168.66,5472.6,91815800.0,167.23,164.62,160.2419999999998,160.99,176.31,50.67,-1.56,-4.23,2.67,诺瓦星云,计算机、通信和其他电子设备制造业,创业板,166.54000000000033,166.595,162.40166666666656,160.3462499999998,168.59510638297868
301589,2024-09-06,166.31,163.51,166.71,160.53,166.71,8976.4,146336000.0,165.93,165.53,160.7429999999998,161.06,175.37,47.05,-1.5,-3.68,2.18,诺瓦星云,计算机、通信和其他电子设备制造业,创业板,166.11750000000035,166.985,163.53333333333325,160.3968749999998,168.261914893617
301589,2024-09-09,162.69,157.98,163.17,157.17,163.51,6485.02,103583000.0,164.49,165.42,160.6549999999998,160.93,174.36,41.54,-1.87,-3.32,1.45,诺瓦星云,计算机、通信和其他电子设备制造业,创业板,164.21500000000034,165.72000000000003,163.97333333333322,160.6937499999998,167.72723404255316
301589,2024-09-10,157.99,162.35,162.89,156.81,157.98,6682.33,107289000.0,163.84,165.62,160.68249999999978,160.92,173.47,46.84,-1.79,-3.01,1.22,诺瓦星云,计算机、通信和其他电子设备制造业,创业板,162.63750000000036,165.00125000000003,164.63333333333324,161.3018749999998,167.34127659574466
301589,2024-09-11,160.6,160.05,161.97,155.7,162.35,7750.58,122432000.0,162.12,164.82,160.4714999999998,160.81,172.44,44.55,-1.89,-2.79,0.9,诺瓦星云,计算机、通信和其他电子设备制造业,创业板,160.97250000000037,163.75625000000002,164.72083333333322,162.0443749999998,166.97893617021276
301589,2024-09-12,161.64,155.4,161.94,155.28,160.05,5208.59,82359600.0,159.86,163.55,160.1064999999998,160.41,171.39,40.27,-2.32,-2.7,0.38,诺瓦星云,计算机、通信和其他电子设备制造业,创业板,158.94500000000036,162.53125000000003,164.30499999999992,162.38624999999982,166.19382978723402
301589,2024-09-13,155.02,156.66,160.4,155.02,155.4,6456.4,101939000.0,158.49,162.21,160.2779999999998,160.12,170.5,41.9,-2.53,-2.66,0.13,诺瓦星云,计算机、通信和其他电子设备制造业,创业板,158.61500000000035,161.41500000000005,163.35166666666657,162.63374999999982,165.3723404255319
301589,2024-09-18,156.64,152.6,156.9,151.31,156.66,4917.52,75462200.0,157.41,160.95,160.2769999999998,159.83,169.68,38.27,-2.99,-2.73,-0.26,诺瓦星云,计算机、通信和其他电子设备制造业,创业板,156.17750000000035,159.40750000000003,162.05999999999992,162.51937499999983,164.53404255319145
301589,2024-09-19,153.47,159.18,161.5,152.5,152.6,7944.64,125453000.0,156.78,160.31,160.8274999999998,159.87,169.08,46.37,-2.79,-2.74,-0.05,诺瓦星云,计算机、通信和其他电子设备制造业,创业板,155.96000000000038,158.46625000000003,161.15749999999989,162.53062499999982,163.85085106382977
301589,2024-09-20,158.88,155.5,160.9,153.5,159.18,7351.53,114668000.0,155.87,158.99,161.1059999999998,159.6,168.48,42.98,-2.9,-2.77,-0.13,诺瓦星云,计算机、通信和其他电子设备制造业,创业板,155.98500000000038,157.46500000000003,160.34916666666655,162.22499999999982,163.19340425531914
301589,2024-09-23,154.91,152.88,156.56,152.52,155.5,4986.64,76650600.0,155.36,157.61,161.1149999999998,159.36,167.81,40.69,-3.16,-2.85,-0.31,诺瓦星云,计算机、通信和其他电子设备制造业,创业板,155.0400000000004,156.82750000000004,159.28999999999988,161.27374999999984,162.52787234042552
301589,2024-09-24,153.31,163.31,163.48,153.13,152.88,12640.4,200814000.0,156.69,157.59,161.5589999999998,159.69,167.43,51.7,-2.49,-2.78,0.29,诺瓦星云,计算机、通信和其他电子设备制造业,创业板,157.7175000000004,156.94750000000005,158.84416666666655,160.97437499999984,162.05957446808512
301589,2024-09-25,164.21,162.2,168.2,161.26,163.31,10474.0,172650000.0,158.61,158.01,161.7189999999998,159.77,166.89,50.62,-2.03,-2.63,0.6,诺瓦星云,计算机、通信和其他电子设备制造业,创业板,158.47250000000037,157.21625000000006,158.46833333333322,160.4862499999998,161.69340425531917
301589,2024-09-26,161.99,167.59,167.74,159.43,162.2,9835.84,160480000.0,160.3,158.54,162.0789999999998,159.97,166.55,55.47,-1.21,-2.34,1.13,诺瓦星云,计算机、通信和其他电子设备制造业,创业板,161.49500000000037,158.74000000000004,158.80833333333322,160.63562499999983,161.43531914893617
301589,2024-09-27,170.89,188.05,190.95,169.0,167.59,17392.8,314751000.0,166.81,161.34,163.07649999999984,160.76,166.7,68.23,1.07,-1.66,2.73,诺瓦星云,计算机、通信和其他电子设备制造业,创业板,170.2875000000004,162.66375000000002,161.31416666666655,162.03937499999984,161.61297872340427
301589,2024-09-30,194.0,220.2,224.5,194.0,188.05,24684.7,508806000.0,180.27,167.82,165.68149999999983,162.68,167.32,78.6,5.41,-0.25,5.66,诺瓦星云,计算机、通信和其他电子设备制造业,创业板,184.5100000000004,171.11375000000004,166.13499999999988,165.26062499999983,162.5195744680851
301589,2024-10-08,262.8,257.0,264.23,215.17,220.2,35927.6,868002000.0,199.01,177.85,170.0309999999998,166.14,168.59,84.74,11.69,2.14,9.55,诺瓦星云,计算机、通信和其他电子设备制造业,创业板,208.21000000000038,183.34125000000003,174.21416666666653,170.90374999999983,164.3695744680851
301589,2024-10-09,235.0,221.16,240.0,220.0,257.0,26127.2,596234000.0,210.8,184.71,172.8289999999998,168.42,169.33,65.14,13.61,4.43,9.18,诺瓦星云,计算机、通信和其他电子设备制造业,创业板,221.6025000000004,191.54875000000004,179.69416666666652,174.5068749999998,165.64468085106384
301589,2024-10-10,226.0,214.1,227.99,210.03,221.16,15594.3,340578000.0,220.1,190.2,175.2544999999998,170.62,169.69,62.09,14.4,6.43,7.97,诺瓦星云,计算机、通信和其他电子设备制造业,创业板,228.1150000000004,199.20125000000002,184.48083333333318,178.0143749999998,166.7691489361702
301589,2024-10-11,210.3,201.27,214.59,200.05,214.1,11560.2,235644000.0,222.75,194.78,176.88499999999982,172.33,169.79,56.88,13.83,7.91,5.92,诺瓦星云,计算机、通信和其他电子设备制造业,创业板,223.3825000000004,203.94625000000002,188.53666666666652,180.4468749999998,167.60702127659576
301589,2024-10-14,202.05,202.72,204.69,197.0,201.27,10125.9,204088000.0,219.25,199.76,178.6854999999998,174.0,169.97,57.32,13.35,9.0,4.35,诺瓦星云,计算机、通信和其他电子设备制造业,创业板,209.8125000000004,209.01125000000002,192.16499999999985,183.11374999999978,168.4572340425532
301589,2024-10-15,201.1,196.85,204.89,196.48,202.72,10650.2,212703000.0,207.22,203.11,180.3524999999998,175.41,170.06,54.9,12.34,9.67,2.67,诺瓦星云,计算机、通信和其他电子设备制造业,创业板,203.73500000000038,212.66875000000002,195.61083333333318,185.70437499999977,169.1697872340426
301589,2024-10-16,192.8,194.15,198.0,190.11,196.85,7928.94,153899000.0,201.82,206.31,182.16099999999977,176.58,170.19,53.77,11.2,9.97,1.23,诺瓦星云,计算机、通信和其他电子设备制造业,创业板,198.74750000000037,213.43125000000003,199.04999999999984,188.0474999999998,169.73936170212767
301589,2024-10-17,195.98,196.2,202.7,195.55,194.15,10457.7,208459000.0,198.24,209.17,183.85349999999977,177.78,170.39,54.54,10.34,10.05,0.29,诺瓦星云,计算机、通信和其他电子设备制造业,创业板,197.48000000000036,210.43125000000003,201.79083333333315,190.77249999999978,170.39234042553193
301589,2024-10-18,195.29,206.5,213.68,194.94,196.2,13303.5,271349000.0,199.28,211.02,186.17599999999976,179.06,170.75,58.26,10.37,10.11,0.26,诺瓦星云,计算机、通信和其他电子设备制造业,创业板,198.42500000000035,204.11875000000003,205.48249999999985,193.7299999999998,171.35574468085107
301589,2024-10-21,210.0,202.0,211.65,201.0,206.5,20187.3,415925000.0,199.14,209.2,188.50599999999977,180.19,171.12,56.1,9.92,10.07,-0.15,诺瓦星云,计算机、通信和其他电子设备制造业,创业板,199.71250000000035,201.72375000000002,208.34999999999982,196.6362499999998,172.29276595744685
301589,2024-10-22,202.0,200.96,204.98,198.9,202.0,10779.7,216961000.0,199.96,203.59,190.72099999999978,181.22,171.48,55.58,9.37,9.93,-0.56,诺瓦星云,计算机、通信和其他电子设备制造业,创业板,201.41500000000036,200.08125000000004,209.42583333333314,199.6412499999998,173.0902127659575
301589,2024-10-23,200.0,203.58,207.0,196.12,200.96,14260.7,287024000.0,201.85,201.83,193.26999999999978,182.5,171.88,56.66,9.04,9.75,-0.71,诺瓦星云,计算机、通信和其他电子设备制造业,创业板,203.2600000000004,200.37000000000003,208.04083333333315,202.15812499999979,174.01680851063833
301589,2024-10-24,201.99,200.2,203.67,199.48,203.58,8941.67,179641000.0,202.65,200.44,195.32099999999977,183.65,172.25,54.82,8.41,9.48,-1.07,诺瓦星云,计算机、通信和其他电子设备制造业,创业板,201.6850000000004,200.05500000000004,203.3074999999998,204.53312499999979,175.0106382978724
301589,2024-10-25,189.0,189.19,192.78,182.33,200.2,32139.0,597862000.0,199.19,199.24,197.00549999999978,184.33,172.57,49.2,6.95,8.98,-2.03,诺瓦星云,计算机、通信和其他电子设备制造业,创业板,198.4825000000004,199.09750000000005,200.64333333333317,205.88312499999978,175.63723404255325
301589,2024-10-28,186.0,188.45,189.48,185.3,189.19,14762.9,276384000.0,196.48,197.81,198.7839999999998,185.06,173.02,48.84,5.65,8.31,-2.66,诺瓦星云,计算机、通信和其他电子设备制造业,创业板,195.35500000000042,198.38500000000005,198.50583333333316,205.90812499999976,176.204255319149
301589,2024-10-29,190.2,189.99,194.73,189.6,188.45,15744.6,301347000.0,194.28,197.12,200.11799999999977,185.94,173.5,49.67,4.71,7.59,-2.88,诺瓦星云,计算机、通信和其他电子设备制造业,创业板,191.9575000000004,197.60875000000004,197.56583333333313,204.01999999999975,176.7514893617022
301589,2024-10-30,187.7,184.78,190.84,183.37,189.99,13725.5,255386000.0,190.52,196.18,201.2469999999998,186.84,173.89,46.9,3.49,6.77,-3.28,诺瓦星云,计算机、通信和其他电子设备制造业,创业板,188.10250000000042,194.89375000000004,196.07083333333318,199.50624999999977,177.22127659574474
301589,2024-10-31,184.0,187.69,189.88,182.0,184.78,13454.1,251689000.0,188.02,195.33,202.25199999999978,187.68,174.3,48.62,2.73,5.96,-3.23,诺瓦星云,计算机、通信和其他电子设备制造业,创业板,187.72750000000042,193.10500000000005,195.30749999999986,197.41437499999978,177.95446808510647
301589,2024-11-01,186.0,183.31,189.5,182.02,187.69,12992.4,239789000.0,186.84,193.02,202.0149999999998,188.46,174.63,46.19,1.75,5.12,-3.37,诺瓦星云,计算机、通信和其他电子设备制造业,创业板,186.4425000000004,190.89875000000004,194.4041666666665,195.48999999999978,178.6074468085107
301589,2024-11-04,183.31,187.88,187.98,182.8,183.31,10458.5,194490000.0,186.73,191.6,200.3989999999998,189.54,174.97,49.05,1.33,4.36,-3.03,诺瓦星云,计算机、通信和其他电子设备制造业,创业板,185.9150000000004,188.93625000000003,193.7108333333332,194.6531249999998,179.45234042553196
301589,2024-11-05,187.89,194.2,194.8,187.89,187.88,12887.1,247867000.0,187.57,190.93,197.2589999999998,190.79,175.45,52.79,1.49,3.79,-2.3,诺瓦星云,计算机、通信和其他电子设备制造业,创业板,188.27000000000038,188.18625000000003,192.6858333333332,194.1206249999998,180.39425531914898
301589,2024-11-06,194.19,191.35,195.6,190.29,194.2,12863.1,248008000.0,188.89,189.7,195.76849999999982,192.08,175.96,50.98,1.38,3.31,-1.93,诺瓦星云,计算机、通信和其他电子设备制造业,创业板,189.1850000000004,188.45625,191.79833333333318,193.7768749999998,181.2165957446809
301589,2024-11-07,189.5,199.28,199.38,189.25,191.35,14219.7,277109000.0,191.2,189.61,195.0274999999998,193.42,176.64,55.56,1.9,3.03,-1.13,诺瓦星云,计算机、通信和其他电子设备制造业,创业板,193.1775000000004,189.81,191.6583333333332,194.0974999999998,182.17085106382984
301589,2024-11-08,200.0,196.99,201.47,195.51,199.28,15012.0,297862000.0,193.94,190.39,194.8134999999998,194.8,177.2,53.99,2.11,2.84,-0.73,诺瓦星云,计算机、通信和其他电子设备制造业,创业板,195.4550000000004,190.685,191.10916666666654,194.1468749999998,182.97914893617025
301589,2024-11-11,196.08,200.05,200.1,196.01,196.99,13720.7,273467000.0,196.37,191.55,194.6799999999998,196.37,177.87,55.79,2.49,2.77,-0.28,诺瓦星云,计算机、通信和其他电子设备制造业,创业板,196.91750000000042,192.59375,191.09666666666658,193.7437499999998,183.8229787234043
301589,2024-11-12,201.0,196.33,202.79,195.11,200.05,12332.1,245098000.0,196.8,192.19,194.65399999999983,197.47,178.58,53.07,2.46,2.71,-0.25,诺瓦星云,计算机、通信和其他电子设备制造业,创业板,198.16250000000042,193.67374999999998,191.69166666666658,193.3893749999998,184.42361702127664
301589,2024-11-13,195.0,198.25,198.86,193.23,196.33,9431.44,184697000.0,198.18,193.53,194.8589999999998,198.68,179.22,54.31,2.57,2.68,-0.11,诺瓦星云,计算机、通信和其他电子设备制造业,创业板,197.90500000000043,195.54125,192.50833333333324,193.2199999999998,185.06510638297874
301589,2024-11-14,196.27,187.35,197.5,187.11,198.25,13756.3,263793000.0,195.79,193.5,194.41649999999981,199.33,179.65,46.78,1.75,2.5,-0.75,诺瓦星云,计算机、通信和其他电子设备制造业,创业板,195.49500000000043,195.47499999999997,192.28833333333327,192.2056249999998,185.43404255319152
301589,2024-11-15,187.0,183.31,188.86,183.21,187.35,8167.04,151748000.0,193.06,193.5,193.2569999999998,199.18,179.97,44.32,0.76,2.15,-1.39,诺瓦星云,计算机、通信和其他电子设备制造业,创业板,191.31000000000046,194.11374999999995,192.16583333333324,191.1499999999998,185.81936170212765
301589,2024-11-18,183.3,179.75,184.49,179.04,183.31,7361.33,133603000.0,189.0,192.69,192.14449999999982,197.83,180.25,42.22,-0.3,1.66,-1.96,诺瓦星云,计算机、通信和其他电子设备制造业,创业板,187.16500000000045,192.66374999999996,191.50416666666658,190.5599999999998,186.12063829787235
301589,2024-11-19,179.75,184.8,184.98,179.5,179.75,8022.76,146111000.0,186.69,191.75,191.33649999999983,195.42,180.78,46.12,-0.72,1.18,-1.9,诺瓦星云,计算机、通信和其他电子设备制造业,创业板,183.80250000000046,190.85374999999996,191.62833333333325,190.33187499999983,186.4640425531915
301589,2024-11-20,184.82,184.4,185.6,181.1,184.8,7825.38,143454000.0,183.92,191.05,190.37749999999983,194.2,181.31,45.86,-1.08,0.73,-1.81,诺瓦星云,计算机、通信和其他电子设备制造业,创业板,183.06500000000045,189.27999999999997,191.33833333333325,189.98249999999985,186.8404255319149
301589,2024-11-21,182.72,183.33,183.62,180.51,184.4,7649.2,139556000.0,183.12,189.46,189.53399999999982,193.17,181.89,45.11,-1.43,0.3,-1.73,诺瓦星云,计算机、通信和其他电子设备制造业,创业板,183.07000000000045,187.18999999999997,190.43249999999992,189.89187499999983,187.26212765957447
301589,2024-11-22,182.08,171.18,182.98,170.77,183.33,12441.5,220233000.0,180.69,186.88,188.63349999999983,192.17,182.25,37.64,-2.66,-0.29,-2.37,诺瓦星云,计算机、通信和其他电子设备制造业,创业板,180.92750000000046,184.04625,188.75166666666658,188.85999999999981,187.54297872340427
301589,2024-11-25,170.72,171.67,172.49,169.0,171.18,6440.97,110062000.0,179.08,184.04,187.79449999999983,191.13,182.56,38.09,-3.56,-0.95,-2.61,诺瓦星云,计算机、通信和其他电子设备制造业,创业板,177.64500000000044,180.72375,186.45083333333324,188.13249999999982,187.7412765957447
301589,2024-11-26,171.6,170.6,174.74,170.0,171.67,6314.7,108852000.0,176.24,181.46,186.82499999999982,190.26,182.83,37.46,-4.3,-1.62,-2.68,诺瓦星云,计算机、通信和其他电子设备制造业,创业板,174.19500000000045,178.63,184.25166666666655,187.0524999999998,187.9657446808511
301589,2024-11-27,170.6,174.68,174.75,168.5,170.6,8860.96,152629000.0,174.29,179.11,186.3199999999998,189.61,183.1,41.43,-4.51,-2.2,-2.31,诺瓦星云,计算机、通信和其他电子设备制造业,创业板,172.03250000000045,177.55125,182.13749999999985,185.8324999999998,188.37595744680854
301589,2024-11-28,173.78,173.01,175.46,172.31,174.68,5233.7,90966500.0,172.23,177.67,185.5859999999998,188.84,183.31,40.3,-4.76,-2.71,-2.05,诺瓦星云,计算机、通信和其他电子设备制造业,创业板,172.49000000000046,176.70875,180.19416666666652,184.68624999999983,188.72382978723408
301589,2024-11-29,172.51,176.01,177.29,171.9,173.01,6979.49,122178000.0,173.19,176.94,185.2209999999998,187.82,183.44,43.29,-4.65,-3.1,-1.55,诺瓦星云,计算机、通信和其他电子设备制造业,创业板,173.57500000000047,175.61,178.3408333333332,183.2318749999998,189.22191489361705
301589,2024-12-02,173.98,178.67,180.39,173.59,176.01,9424.52,168070000.0,174.59,176.83,184.7604999999998,187.04,183.61,45.88,-4.31,-3.34,-0.97,诺瓦星云,计算机、通信和其他电子设备制造业,创业板,175.59250000000046,174.89375,177.61749999999986,182.0868749999998,189.6365957446809
301589,2024-12-03,179.02,176.19,179.9,175.02,178.67,6590.55,116483000.0,175.71,175.97,183.85999999999981,186.22,183.72,43.87,-4.19,-3.51,-0.68,诺瓦星云,计算机、通信和其他电子设备制造业,创业板,175.97000000000043,174.00125000000003,177.02416666666656,180.59562499999979,190.07680851063836
301589,2024-12-04,176.21,172.24,176.99,171.66,176.19,6658.17,115763000.0,175.22,174.76,182.9044999999998,185.17,183.83,40.8,-4.36,-3.68,-0.68,诺瓦星云,计算机、通信和其他电子设备制造业,创业板,175.77750000000043,174.13375000000002,176.39833333333323,179.0899999999998,190.48872340425538
301589,2024-12-05,171.8,172.01,173.78,170.96,172.24,5472.64,94302600.0,175.02,173.63,181.54099999999977,184.23,183.94,40.63,-4.46,-3.84,-0.62,诺瓦星云,计算机、通信和其他电子设备制造业,创业板,174.77750000000043,174.17625,175.3324999999999,177.44999999999982,190.67382978723413
301589,2024-12-06,172.01,173.13,174.4,171.52,172.01,6642.78,114858000.0,174.45,173.82,180.3479999999998,183.7,184.02,41.95,-4.41,-3.95,-0.46,诺瓦星云,计算机、通信和其他电子设备制造业,创业板,173.39250000000044,174.4925,174.39333333333323,176.56124999999983,190.90638297872346
301589,2024-12-09,173.5,172.71,174.6,171.03,173.13,5927.5,102428000.0,173.26,173.92,178.98099999999977,183.17,184.12,41.58,-4.34,-4.03,-0.31,诺瓦星云,计算机、通信和其他电子设备制造业,创业板,172.52250000000043,174.24625,173.50833333333324,175.89874999999984,191.0153191489362
301589,2024-12-10,176.17,175.95,178.88,175.62,172.71,10181.0,180137000.0,173.21,174.46,177.96199999999976,182.7,184.32,45.62,-3.99,-4.02,0.03,诺瓦星云,计算机、通信和其他电子设备制造业,创业板,173.45000000000044,174.61375,173.90583333333325,175.66124999999982,190.7578723404256
301589,2024-12-11,175.02,175.61,175.86,174.08,175.95,5824.66,101908000.0,173.88,174.55,176.82999999999976,182.4,184.62,45.27,-3.69,-3.95,0.26,诺瓦星云,计算机、通信和其他电子设备制造业,创业板,174.35000000000045,174.56375,174.2341666666666,175.08687499999982,189.80914893617026
301589,2024-12-12,175.59,180.86,183.0,175.08,175.61,11312.3,203546000.0,175.65,175.34,176.50549999999978,182.17,184.93,51.53,-3.0,-3.76,0.76,诺瓦星云,计算机、通信和其他电子设备制造业,创业板,176.28250000000045,174.83749999999998,175.0891666666666,174.86562499999982,188.18914893617028
301589,2024-12-13,178.89,185.69,191.42,177.28,180.86,22888.7,423348000.0,178.16,176.31,176.62449999999978,182.25,185.35,56.46,-2.03,-3.42,1.39,诺瓦星云,计算机、通信和其他电子设备制造业,创业板,179.52750000000043,176.02499999999998,176.00666666666663,175.01312499999983,187.43446808510646
301589,2024-12-16,184.0,178.6,189.88,178.23,185.69,17049.4,314216000.0,179.34,176.3,176.56699999999978,181.94,185.74,48.63,-1.82,-3.1,1.28,诺瓦星云,计算机、通信和其他电子设备制造业,创业板,180.19000000000045,176.81999999999996,176.47249999999994,175.47687499999984,186.6791489361703
301589,2024-12-17,178.05,172.68,180.43,172.64,178.6,10347.5,181362000.0,178.69,175.95,175.96099999999976,181.22,186.01,43.25,-2.11,-2.9,0.79,诺瓦星云,计算机、通信和其他电子设备制造业,创业板,179.45750000000046,176.90374999999997,176.19499999999994,175.53999999999982,186.07085106382985
301589,2024-12-18,172.24,174.98,176.99,171.17,172.68,7093.99,123710000.0,178.56,176.22,175.48999999999975,180.68,186.38,45.76,-2.12,-2.74,0.62,诺瓦星云,计算机、通信和其他电子设备制造业,创业板,177.98750000000047,177.135,175.88749999999993,175.81374999999983,185.48063829787242
301589,2024-12-19,173.0,179.78,182.4,172.24,174.98,10795.2,191152000.0,178.35,177.0,175.31249999999977,180.03,186.72,50.67,-1.72,-2.54,0.82,诺瓦星云,计算机、通信和其他电子设备制造业,创业板,176.51000000000045,178.01874999999998,176.1866666666666,176.13249999999985,185.11744680851072
301589,2024-12-20,179.97,179.86,182.66,177.8,179.78,8797.32,158682000.0,177.18,177.67,175.7464999999998,179.46,187.13,50.75,-1.39,-2.31,0.92,诺瓦星云,计算机、通信和其他电子设备制造业,创业板,176.82500000000044,178.50749999999996,176.82166666666663,176.56062499999985,184.81340425531926
301589,2024-12-23,180.0,173.29,180.0,172.5,179.86,8181.91,143674000.0,176.12,177.73,175.8274999999998,178.56,187.47,44.38,-1.63,-2.17,0.54,诺瓦星云,计算机、通信和其他电子设备制造业,创业板,176.97750000000042,178.21749999999997,176.92833333333328,176.39062499999983,184.32595744680862
301589,2024-12-24,173.3,175.6,175.8,172.3,173.08,6432.65,112169000.0,176.7,177.7,176.0774999999998,177.87,187.67,46.91,-1.63,-2.06,0.43,诺瓦星云,计算机、通信和其他电子设备制造业,创业板,177.13250000000042,177.55999999999995,177.1341666666666,176.19874999999982,183.668510638298
301589,2024-12-25,174.72,178.38,180.0,174.5,175.6,8803.85,156944000.0,177.38,177.97,176.2624999999998,177.21,187.94,49.85,-1.38,-1.93,0.55,诺瓦星云,计算机、通信和其他电子设备制造业,创业板,176.78250000000043,176.64624999999995,177.6066666666666,176.33562499999982,183.16595744680862
301589,2024-12-26,178.0,180.25,181.0,175.0,178.38,11708.5,210093000.0,177.48,177.91,176.6244999999998,176.97,188.15,51.79,-1.01,-1.74,0.73,诺瓦星云,计算机、通信和其他电子设备制造业,创业板,176.88000000000042,176.85249999999996,177.96499999999995,176.83624999999984,182.72531914893628
301589,2024-12-27,179.29,176.47,179.85,175.8,180.25,8705.52,154813000.0,176.8,176.99,176.6474999999998,176.75,187.96,47.77,-1.02,-1.6,0.58,诺瓦星云,计算机、通信和其他电子设备制造业,创业板,177.67500000000044,177.32624999999996,178.0366666666666,177.11499999999984,182.14851063829798
301589,2024-12-30,175.68,175.39,176.47,173.01,176.47,6236.7,108985000.0,177.22,176.67,176.4834999999998,176.6,187.21,46.66,-1.11,-1.5,0.39,诺瓦星云,计算机、通信和其他电子设备制造业,创业板,177.62250000000043,177.37749999999994,177.58083333333323,177.25624999999982,181.62063829787243
301589,2024-12-31,175.0,173.6,175.64,172.96,175.39,6114.74,106333000.0,176.82,176.76,176.3539999999998,176.23,185.82,44.79,-1.3,-1.46,0.16,诺瓦星云,计算机、通信和其他电子设备制造业,创业板,176.42750000000044,176.60499999999993,176.57333333333324,177.31187499999982,181.28893617021285
301589,2025-01-02,172.97,166.5,174.04,164.01,173.6,8124.05,137943000.0,174.44,175.91,176.06699999999978,175.63,184.91,38.26,-2.0,-1.57,-0.43,诺瓦星云,计算机、通信和其他电子设备制造业,创业板,172.99000000000044,174.93499999999995,175.5649999999999,176.72124999999983,180.82191489361708
301589,2025-01-03,165.43,166.78,167.6,162.85,166.5,6852.05,113149000.0,171.75,174.61,175.8054999999998,175.08,184.12,38.64,-2.51,-1.76,-0.75,诺瓦星云,计算机、通信和其他电子设备制造业,创业板,170.56750000000042,174.12124999999995,175.07333333333327,176.16937499999983,180.32808510638307
301589,2025-01-06,166.0,167.8,169.69,165.05,166.78,3914.11,65521700.0,170.01,173.41,175.53899999999982,174.97,183.57,40.09,-2.79,-1.96,-0.83,诺瓦星云,计算机、通信和其他电子设备制造业,创业板,168.67000000000044,173.14624999999995,174.47499999999994,175.35312499999984,179.96680851063834
301589,2025-01-07,167.41,168.3,168.44,165.27,167.8,3986.0,66612300.0,168.6,172.91,175.3184999999998,174.85,182.99,40.82,-2.95,-2.16,-0.79,诺瓦星云,计算机、通信和其他电子设备制造业,创业板,167.34500000000045,171.88624999999996,173.5183333333333,174.26624999999984,179.55425531914895
301589,2025-01-08,167.25,166.49,167.67,164.31,168.3,4150.35,68898900.0,167.17,172.0,174.84549999999982,174.72,182.49,38.95,-3.18,-2.36,-0.82,诺瓦星云,计算机、通信和其他电子设备制造业,创业板,167.34250000000046,170.16624999999996,172.40416666666658,173.50937499999984,179.19638297872342
301589,2025-01-09,165.68,165.88,167.79,165.49,166.49,3614.48,60252200.0,167.05,170.75,174.3589999999998,174.42,182.02,38.32,-3.37,-2.57,-0.8,诺瓦星云,计算机、通信和其他电子设备制造业,创业板,167.11750000000046,168.84249999999994,171.7866666666666,173.08437499999985,178.72829787234045
301589,2025-01-10,164.99,158.13,165.99,158.0,165.88,6281.21,101925000.0,165.32,168.53,173.2224999999998,173.93,181.38,31.32,-4.1,-2.87,-1.23,诺瓦星云,计算机、通信和其他电子设备制造业,创业板,164.70000000000044,166.68499999999995,170.3308333333333,172.03124999999986,177.96085106382978
301589,2025-01-13,156.32,158.29,158.9,155.08,158.13,4754.4,74715000.0,163.42,166.72,171.8524999999998,173.34,180.58,31.6,-4.61,-3.22,-1.39,诺瓦星云,计算机、通信和其他电子设备制造业,创业板,162.19750000000045,164.77124999999995,168.6566666666666,170.68812499999984,177.25744680851065
301589,2025-01-14,157.0,163.2,163.29,157.0,158.29,6244.8,100560000.0,162.4,165.5,171.0824999999998,172.82,179.93,39.66,-4.57,-3.49,-1.08,诺瓦星云,计算机、通信和其他电子设备制造业,创业板,161.37500000000045,164.35874999999996,167.23583333333326,169.64687499999982,176.48978723404255
301589,2025-01-15,162.02,158.95,163.44,158.63,163.2,6040.5,97218600.0,160.89,164.03,170.3959999999998,172.25,179.23,35.73,-4.82,-3.76,-1.06,诺瓦星云,计算机、通信和其他电子设备制造业,创业板,159.64250000000047,163.37999999999997,165.77583333333322,168.75062499999981,175.68042553191492
301589,2025-01-16,159.01,159.27,161.53,158.0,158.95,4247.54,67787600.0,159.57,163.31,169.6104999999998,171.81,178.49,36.25,-4.94,-3.99,-0.95,诺瓦星云,计算机、通信和其他电子设备制造业,创业板,159.92750000000046,162.31374999999997,164.43249999999992,167.72999999999982,174.81276595744686
301589,2025-01-17,158.49,160.9,162.88,158.11,159.27,4821.82,77559600.0,160.12,162.72,168.6664999999998,171.44,177.84,38.92,-4.85,-4.16,-0.69,诺瓦星云,计算机、通信和其他电子设备制造业,创业板,160.58000000000047,161.38875,163.3741666666666,166.63749999999982,174.0589361702128
301589,2025-01-20,161.49,163.23,165.79,161.0,160.9,5723.05,93847400.0,161.11,162.26,167.83499999999978,171.11,177.41,42.61,-4.53,-4.24,-0.29,诺瓦星云,计算机、通信和其他电子设备制造业,创业板,160.5875000000005,160.98125,163.1016666666666,165.57374999999982,173.31382978723408
301589,2025-01-21,163.21,160.38,164.3,159.11,163.23,6487.09,104283000.0,160.55,161.47,167.18949999999978,170.7,176.94,39.47,-4.47,-4.28,-0.19,诺瓦星云,计算机、通信和其他电子设备制造业,创业板,160.9450000000005,160.29375,162.5683333333333,164.56812499999984,172.74
301589,2025-01-22,159.05,158.0,159.8,157.16,160.38,5185.2,81944000.0,160.36,160.62,166.3094999999998,170.1,176.4,37.01,-4.55,-4.34,-0.21,诺瓦星云,计算机、通信和其他电子设备制造业,创业板,160.6275000000005,160.27749999999997,161.75166666666664,163.48124999999985,172.20148936170213
301589,2025-01-23,159.98,166.94,174.66,159.49,158.0,18777.0,313855000.0,161.89,160.73,165.73749999999978,169.82,176.11,49.69,-3.85,-4.24,0.39,诺瓦星云,计算机、通信和其他电子设备制造业,创业板,162.13750000000053,161.35875,161.6383333333333,163.06499999999986,171.92893617021275
301589,2025-01-24,165.27,167.92,168.25,164.5,166.94,9225.75,153606000.0,163.29,161.71,165.1209999999998,169.38,175.78,50.85,-3.18,-4.03,0.85,诺瓦星云,计算机、通信和其他电子设备制造业,创业板,163.3100000000005,161.94875,161.75749999999996,163.15374999999986,171.56978723404254
301589,2025-01-27,167.95,165.31,169.95,165.0,167.92,5715.07,95124200.0,163.71,162.41,164.56299999999982,168.7,175.48,47.68,-2.83,-3.79,0.96,诺瓦星云,计算机、通信和其他电子设备制造业,创业板,164.5425000000005,162.74374999999998,161.70999999999995,163.06187499999984,171.1636170212766
301589,2025-02-05,166.9,171.29,172.88,164.01,165.31,11607.4,196120000.0,165.89,163.22,164.3579999999998,168.46,175.2,54.66,-2.04,-3.44,1.4,诺瓦星云,计算机、通信和其他电子设备制造业,创业板,167.8650000000005,164.24624999999997,162.80666666666662,163.27999999999983,170.90744680851066
301589,2025-02-06,168.09,170.95,170.99,166.01,171.29,11530.1,194640000.0,168.48,164.42,164.2254999999998,168.4,174.81,54.22,-1.43,-3.04,1.61,诺瓦星云,计算机、通信和其他电子设备制造业,创业板,168.86750000000046,165.50249999999997,163.8616666666666,163.4456249999998,170.9025531914894
301589,2025-02-07,169.55,170.63,174.3,169.13,170.95,12718.7,217660000.0,169.22,165.56,164.43199999999982,168.26,174.47,53.78,-0.95,-2.62,1.67,诺瓦星云,计算机、通信和其他电子设备制造业,创业板,169.54500000000047,166.42749999999995,164.48083333333327,163.7043749999998,170.8804255319149
301589,2025-02-10,171.06,178.69,181.38,169.48,170.63,19192.9,337896000.0,171.37,167.33,165.0274999999998,168.22,174.12,62.14,0.06,-2.08,2.14,诺瓦星云,计算机、通信和其他电子设备制造业,创业板,172.8900000000005,168.71624999999995,166.12583333333325,164.5049999999998,171.05255319148938
301589,2025-02-11,178.78,176.5,178.78,174.8,178.69,9301.43,163481000.0,173.61,168.66,165.4624999999998,168.11,173.78,59.02,0.69,-1.53,2.22,诺瓦星云,计算机、通信和其他电子设备制造业,创业板,174.1925000000005,171.02874999999995,167.5616666666666,165.6531249999998,171.0912765957447
301589,2025-02-12,176.35,176.93,178.56,174.25,176.5,8560.67,150671000.0,174.74,170.32,165.89399999999978,168.23,173.4,59.45,1.2,-0.98,2.18,诺瓦星云,计算机、通信和其他电子设备制造业,创业板,175.6875000000005,172.27749999999995,168.89749999999992,166.81812499999978,171.17468085106384
301589,2025-02-13,177.32,171.4,177.7,171.18,176.93,10672.4,185378000.0,174.83,171.66,166.13949999999977,168.09,172.98,51.89,1.16,-0.55,1.71,诺瓦星云,计算机、通信和其他电子设备制造业,创业板,175.8800000000005,172.71249999999995,169.57833333333326,167.3306249999998,171.07659574468087
301589,2025-02-14,171.9,172.26,173.34,170.53,171.4,6979.4,120054000.0,175.16,172.19,166.4584999999998,167.89,172.55,52.89,1.17,-0.21,1.38,诺瓦星云,计算机、通信和其他电子设备制造业,创业板,174.2725000000005,173.58124999999995,170.56833333333324,168.1624999999998,170.94021276595745
301589,2025-02-17,171.51,173.74,176.28,171.51,172.26,9919.94,172846000.0,174.17,172.77,167.23899999999975,167.67,172.32,54.64,1.29,0.09,1.2,诺瓦星云,计算机、通信和其他电子设备制造业,创业板,173.5825000000005,173.88749999999996,171.87999999999988,169.06687499999978,170.888085106383
301589,2025-02-18,173.0,169.29,176.36,168.4,173.74,9394.88,162189000.0,172.72,173.17,167.78899999999976,167.43,172.09,48.77,1.01,0.27,0.74,诺瓦星云,计算机、通信和其他电子设备制造业,创业板,171.67250000000047,173.67999999999995,172.0758333333332,169.59124999999977,170.8253191489362
301589,2025-02-19,169.0,172.24,173.99,168.6,169.29,9805.26,168447000.0,171.79,173.26,168.24099999999976,167.33,171.96,52.42,1.02,0.42,0.6,诺瓦星云,计算机、通信和其他电子设备制造业,创业板,171.88250000000048,173.88124999999997,172.43583333333322,170.15437499999976,170.83021276595747
301589,2025-02-20,171.99,171.14,172.72,170.03,172.24,7046.59,120671000.0,171.73,173.28,168.85049999999976,167.24,171.74,50.96,0.92,0.52,0.4,诺瓦星云,计算机、通信和其他电子设备制造业,创业板,171.60250000000048,172.93749999999994,172.92166666666654,170.82687499999975,170.78787234042554
301589,2025-02-21,171.42,174.4,174.66,170.3,171.14,10716.6,185487000.0,172.16,173.66,169.60699999999977,167.51,171.57,54.96,1.09,0.64,0.45,诺瓦星云,计算机、通信和其他电子设备制造业,创业板,171.76750000000047,172.67499999999995,173.18083333333323,171.85187499999975,170.82382978723405
301589,2025-02-24,174.41,175.89,178.39,173.45,174.4,10901.5,191797000.0,172.59,173.38,170.35649999999976,167.81,171.45,56.7,1.34,0.78,0.56,诺瓦星云,计算机、通信和其他电子设备制造业,创业板,173.41750000000047,172.54499999999993,173.5924999999999,172.41124999999974,170.8225531914894
301589,2025-02-25,173.0,175.3,178.59,172.0,175.89,10086.9,176865000.0,173.79,173.26,170.95999999999975,168.06,171.51,55.78,1.47,0.92,0.55,诺瓦星云,计算机、通信和其他电子设备制造业,创业板,174.18250000000046,173.0324999999999,173.98166666666657,172.87249999999975,170.81595744680854
301589,2025-02-26,176.66,176.33,176.77,174.0,175.3,7518.79,131926000.0,174.61,173.2,171.75749999999977,168.33,171.59,57.09,1.64,1.06,0.58,诺瓦星云,计算机、通信和其他电子设备制造业,创业板,175.48000000000047,173.5412499999999,173.78499999999988,173.56124999999975,170.71957446808517
301589,2025-02-27,176.33,173.47,177.1,171.23,176.33,10672.4,185113000.0,175.08,173.41,172.53099999999975,168.56,171.64,52.45,1.52,1.15,0.37,诺瓦星云,计算机、通信和其他电子设备制造业,创业板,175.24750000000049,173.5074999999999,173.53249999999989,173.69749999999974,170.45957446808518
301589,2025-02-28,172.5,166.03,172.5,165.95,173.47,10069.5,169970000.0,173.4,172.78,172.48549999999975,168.57,171.5,42.73,0.81,1.08,-0.27,诺瓦星云,计算机、通信和其他电子设备制造业,创业板,172.78250000000048,173.0999999999999,172.62416666666658,173.38999999999976,170.1921276595745
301589,2025-03-03,166.8,168.1,170.69,165.33,166.03,5979.23,100634000.0,171.85,172.22,172.49449999999973,168.9,171.41,45.74,0.42,0.95,-0.53,诺瓦星云,计算机、通信和其他电子设备制造业,创业板,170.98250000000047,172.5824999999999,172.34916666666655,173.23187499999975,170.09468085106388
301589,2025-03-04,167.03,170.11,170.73,166.5,168.1,4998.99,84554700.0,170.81,172.3,172.73449999999974,169.29,171.32,48.57,0.27,0.81,-0.54,诺瓦星云,计算机、通信和其他电子设备制造业,创业板,169.42750000000046,172.4537499999999,172.16999999999993,172.69562499999975,169.9910638297873
301589,2025-03-05,169.94,169.07,170.95,166.5,170.11,4885.34,82256600.0,169.36,171.98,172.62349999999975,169.49,171.16,47.2,0.07,0.67,-0.6,诺瓦星云,计算机、通信和其他电子设备制造业,创业板,168.32750000000044,171.78749999999988,171.78083333333325,172.23124999999976,169.76319148936176
301589,2025-03-06,169.97,174.95,176.78,168.98,169.07,13621.6,237623000.0,169.65,172.36,172.82349999999977,170.02,171.13,54.95,0.37,0.61,-0.24,诺瓦星云,计算机、通信和其他电子设备制造业,创业板,170.55750000000046,171.6699999999999,172.2524999999999,172.10749999999976,169.65872340425537
301589,2025-03-07,174.01,172.23,174.67,171.2,174.95,7957.21,137700000.0,170.89,172.15,172.90349999999975,170.45,171.13,51.21,0.39,0.56,-0.17,诺瓦星云,计算机、通信和其他电子设备制造业,创业板,171.59000000000046,171.2862499999999,172.25166666666655,172.15937499999976,169.63617021276602
301589,2025-03-10,172.0,170.61,173.39,169.02,172.23,5546.4,94764900.0,171.39,171.62,172.49949999999976,170.78,171.11,49.06,0.27,0.5,-0.23,诺瓦星云,计算机、通信和其他电子设备制造业,创业板,171.71500000000046,170.5712499999999,172.2074999999999,172.05624999999975,169.53000000000003
301589,2025-03-11,168.91,170.99,172.5,168.02,170.61,5742.88,97997600.0,171.57,171.19,172.22399999999976,171.04,171.08,49.6,0.2,0.44,-0.24,诺瓦星云,计算机、通信和其他电子设备制造业,创业板,172.19500000000045,170.2612499999999,171.9233333333332,171.88437499999975,169.37276595744683
301589,2025-03-12,171.45,170.82,172.87,170.58,170.99,6067.03,104100000.0,171.92,170.64,171.91849999999977,171.38,171.04,49.35,0.13,0.38,-0.25,诺瓦星云,计算机、通信和其他电子设备制造业,创业板,171.16250000000042,170.8599999999999,171.50083333333325,171.97999999999976,169.1721276595745
301589,2025-03-13,170.68,168.1,171.35,166.56,170.82,7505.09,126109000.0,170.55,170.1,171.75349999999975,171.72,170.91,45.42,-0.13,0.28,-0.41,诺瓦星云,计算机、通信和其他电子设备制造业,创业板,170.13000000000042,170.8599999999999,170.90083333333322,171.72124999999977,168.99404255319152
301589,2025-03-14,167.77,170.14,170.55,167.3,168.1,5787.75,97942600.0,170.13,170.51,171.64749999999975,171.83,170.82,48.72,-0.18,0.19,-0.37,诺瓦星云,计算机、通信和其他电子设备制造业,创业板,170.01250000000041,170.86374999999987,170.38499999999988,171.65874999999977,168.88234042553194
301589,2025-03-17,171.5,173.93,176.76,170.21,170.14,9128.24,158796000.0,170.8,171.09,171.65699999999975,172.03,170.71,54.24,0.09,0.17,-0.08,诺瓦星云,计算机、通信和其他电子设备制造业,创业板,170.7475000000004,171.47124999999988,170.4233333333332,171.62937499999975,168.88936170212767
301589,2025-03-18,173.95,176.66,178.59,172.67,173.93,10797.2,190255000.0,171.93,171.75,172.02549999999974,172.41,170.56,57.77,0.51,0.24,0.27,诺瓦星云,计算机、通信和其他电子设备制造业,创业板,172.20750000000038,171.6849999999999,171.30916666666653,171.67749999999975,169.10553191489365
301589,2025-03-19,175.89,173.4,175.89,172.66,176.66,6256.45,108761000.0,172.45,172.18,172.08349999999973,172.48,170.47,52.56,0.58,0.3,0.28,诺瓦星云,计算机、通信和其他电子设备制造业,创业板,173.53250000000037,171.8312499999999,171.7508333333332,171.55874999999975,169.24638297872343
301589,2025-03-20,173.4,171.36,173.91,171.01,173.4,5073.05,87452400.0,173.1,171.82,172.09449999999975,172.49,170.45,49.55,0.46,0.34,0.12,诺瓦星云,计算机、通信和其他电子设备制造业,创业板,173.83750000000038,171.9249999999999,171.85499999999988,171.24812499999976,169.32212765957448
301589,2025-03-21,170.96,168.71,171.97,168.38,171.36,5514.8,93540400.0,172.81,171.47,171.80999999999975,172.43,170.34,45.87,0.15,0.3,-0.15,诺瓦星云,计算机、通信和其他电子设备制造业,创业板,172.53250000000037,171.6399999999999,171.82499999999985,170.95062499999977,169.33085106382978
301589,2025-03-24,168.7,168.38,169.99,166.26,168.71,5947.65,99783400.0,171.7,171.25,171.43449999999976,172.08,170.15,45.41,-0.11,0.22,-0.33,诺瓦星云,计算机、通信和其他电子设备制造业,创业板,170.46250000000038,171.3349999999999,171.2774999999999,171.09749999999977,169.37106382978723
301589,2025-03-25,168.24,168.44,168.99,167.25,168.38,3573.8,60121300.0,170.06,170.99,171.09149999999974,171.81,169.96,45.52,-0.32,0.11,-0.43,诺瓦星云,计算机、通信和其他电子设备制造业,创业板,169.2225000000004,171.3774999999999,170.96166666666656,171.11874999999978,169.4255319148936
